Date,"Ufc"
2015-07-01,296
2015-07-02,266
2015-07-03,247
2015-07-04,223
2015-07-05,273
2015-07-06,284
2015-07-07,273
2015-07-08,288
2015-07-09,270
2015-07-10,323
2015-07-11,504
2015-07-12,1230
2015-07-13,800
2015-07-14,456
2015-07-15,389
2015-07-16,513
2015-07-17,361
2015-07-18,438
2015-07-19,375
2015-07-20,359
2015-07-21,348
2015-07-22,336
2015-07-23,288
2015-07-24,329
2015-07-25,401
2015-07-26,637
2015-07-27,406
2015-07-28,366
2015-07-29,331
2015-07-30,326
2015-07-31,341
2015-08-01,499
2015-08-02,1776
2015-08-03,795
2015-08-04,552
2015-08-05,423
2015-08-06,375
2015-08-07,274
2015-08-08,314
2015-08-09,550
2015-08-10,314
2015-08-11,379
2015-08-12,326
2015-08-13,292
2015-08-14,325
2015-08-15,317
2015-08-16,284
2015-08-17,247
2015-08-18,290
2015-08-19,270
2015-08-20,250
2015-08-21,302
2015-08-22,256
2015-08-23,294
2015-08-24,366
2015-08-25,294
2015-08-26,246
2015-08-27,249
2015-08-28,234
2015-08-29,276
2015-08-30,266
2015-08-31,221
2015-09-01,204
2015-09-02,253
2015-09-03,239
2015-09-04,261
2015-09-05,360
2015-09-06,644
2015-09-07,343
2015-09-08,305
2015-09-09,233
2015-09-10,258
2015-09-11,250
2015-09-12,244
2015-09-13,295
2015-09-14,227
2015-09-15,207
2015-09-16,238
2015-09-17,273
2015-09-18,261
2015-09-19,239
2015-09-20,301
2015-09-21,224
2015-09-22,231
2015-09-23,243
2015-09-24,199
2015-09-25,196
2015-09-26,215
2015-09-27,407
2015-09-28,248
2015-09-29,230
2015-09-30,207
2015-10-01,187
2015-10-02,232
2015-10-03,269
2015-10-04,467
2015-10-05,239
2015-10-06,228
2015-10-07,228
2015-10-08,202
2015-10-09,162
2015-10-10,196
2015-10-11,223
2015-10-12,211
2015-10-13,202
2015-10-14,226
2015-10-15,183
2015-10-16,221
2015-10-17,180
2015-10-18,264
2015-10-19,229
2015-10-20,219
2015-10-21,230
2015-10-22,249
2015-10-23,236
2015-10-24,295
2015-10-25,319
2015-10-26,238
2015-10-27,181
2015-10-28,205
2015-10-29,206
2015-10-30,182
2015-10-31,209
2015-11-01,193
2015-11-02,250
2015-11-03,184
2015-11-04,211
2015-11-05,212
2015-11-06,220
2015-11-07,283
2015-11-08,436
2015-11-09,305
2015-11-10,276
2015-11-11,226
2015-11-12,259
2015-11-13,298
2015-11-14,393
2015-11-15,1761
2015-11-16,889
2015-11-17,579
2015-11-18,423
2015-11-19,431
2015-11-20,352
2015-11-21,292
2015-11-22,438
2015-11-23,315
2015-11-24,274
2015-11-25,242
2015-11-26,219
2015-11-27,235
2015-11-28,379
2015-11-29,320
2015-11-30,318
2015-12-01,316
2015-12-02,279
2015-12-03,282
2015-12-04,323
2015-12-05,320
2015-12-06,328
2015-12-07,287
2015-12-08,357
2015-12-09,293
2015-12-10,426
2015-12-11,565
2015-12-12,790
2015-12-13,2374
2015-12-14,1146
2015-12-15,649
2015-12-16,528
2015-12-17,396
2015-12-18,339
2015-12-19,379
2015-12-20,703
2015-12-21,394
2015-12-22,349
2015-12-23,327
2015-12-24,260
2015-12-25,256
2015-12-26,234
2015-12-27,281
2015-12-28,259
2015-12-29,292
2015-12-30,272
2015-12-31,244
2016-01-01,267
2016-01-02,373
2016-01-03,654
2016-01-04,337
2016-01-05,306
2016-01-06,257
2016-01-07,253
2016-01-08,387
2016-01-09,319
2016-01-10,303
2016-01-11,256
2016-01-12,276
2016-01-13,297
2016-01-14,277
2016-01-15,278
2016-01-16,287
2016-01-17,433
2016-01-18,687
2016-01-19,344
2016-01-20,334
2016-01-21,341
2016-01-22,345
2016-01-23,243
2016-01-24,298
2016-01-25,295
2016-01-26,260
2016-01-27,240
2016-01-28,226
2016-01-29,239
2016-01-30,316
2016-01-31,451
2016-02-01,275
2016-02-02,255
2016-02-03,233
2016-02-04,251
2016-02-05,247
2016-02-06,265
2016-02-07,515
2016-02-08,277
2016-02-09,193
2016-02-10,231
2016-02-11,208
2016-02-12,217
2016-02-13,200
2016-02-14,237
2016-02-15,216
2016-02-16,225
2016-02-17,255
2016-02-18,264
2016-02-19,263
2016-02-20,374
2016-02-21,363
2016-02-22,453
2016-02-23,363
2016-02-24,397
2016-02-25,368
2016-02-26,289
2016-02-27,484
2016-02-28,484
2016-02-29,311
2016-03-01,316
2016-03-02,253
2016-03-03,302
2016-03-04,394
2016-03-05,588
2016-03-06,1993
2016-03-07,966
2016-03-08,611
2016-03-09,441
2016-03-10,333
2016-03-11,315
2016-03-12,293
2016-03-13,302
2016-03-14,289
2016-03-15,278
2016-03-16,267
2016-03-17,261
2016-03-18,244
2016-03-19,282
2016-03-20,422
2016-03-21,329
2016-03-22,286
2016-03-23,294
2016-03-24,239
2016-03-25,252
2016-03-26,326
2016-03-27,549
2016-03-28,324
2016-03-29,294
2016-03-30,277
2016-03-31,355
2016-04-01,234
2016-04-02,247
2016-04-03,270
2016-04-04,295
2016-04-05,261
2016-04-06,257
2016-04-07,258
2016-04-08,192
2016-04-09,242
2016-04-10,362
2016-04-11,324
2016-04-12,273
2016-04-13,210
2016-04-14,273
2016-04-15,209
2016-04-16,273
2016-04-17,340
2016-04-18,223
2016-04-19,285
2016-04-20,415
2016-04-21,350
2016-04-22,316
2016-04-23,318
2016-04-24,544
2016-04-25,368
2016-04-26,233
2016-04-27,286
2016-04-28,389
2016-04-29,388
2016-04-30,375
2016-05-01,368
2016-05-02,231
2016-05-03,236
2016-05-04,185
2016-05-05,198
2016-05-06,211
2016-05-07,223
2016-05-08,400
2016-05-09,315
2016-05-10,224
2016-05-11,456
2016-05-12,222
2016-05-13,234
2016-05-14,263
2016-05-15,510
2016-05-16,275
2016-05-17,199
2016-05-18,229
2016-05-19,192
2016-05-20,195
2016-05-21,177
2016-05-22,211
2016-05-23,199
2016-05-24,179
2016-05-25,166
2016-05-26,203
2016-05-27,156
2016-05-28,192
2016-05-29,248
2016-05-30,307
2016-05-31,262
2016-06-01,166
2016-06-02,196
2016-06-03,189
2016-06-04,225
2016-06-05,639
2016-06-06,393
2016-06-07,421
2016-06-08,273
2016-06-09,232
2016-06-10,238
2016-06-11,194
2016-06-12,215
2016-06-13,191
2016-06-14,207
2016-06-15,216
2016-06-16,264
2016-06-17,249
2016-06-18,238
2016-06-19,412
2016-06-20,274
2016-06-21,448
2016-06-22,266
2016-06-23,258
2016-06-24,214
2016-06-25,195
2016-06-26,244
2016-06-27,212
2016-06-28,245
2016-06-29,206
2016-06-30,196
2016-07-01,187
2016-07-02,196
2016-07-03,219
2016-07-04,190
2016-07-05,274
2016-07-06,256
2016-07-07,462
2016-07-08,688
2016-07-09,709
2016-07-10,1157
2016-07-11,2120
2016-07-12,1045
2016-07-13,557
2016-07-14,453
2016-07-15,284
2016-07-16,328
2016-07-17,341
2016-07-18,328
2016-07-19,270
2016-07-20,332
2016-07-21,247
2016-07-22,216
2016-07-23,270
2016-07-24,432
2016-07-25,308
2016-07-26,229
2016-07-27,220
2016-07-28,192
2016-07-29,248
2016-07-30,269
2016-07-31,496
2016-08-01,312
2016-08-02,257
2016-08-03,187
2016-08-04,197
2016-08-05,198
2016-08-06,231
2016-08-07,296
2016-08-08,225
2016-08-09,230
2016-08-10,203
2016-08-11,182
2016-08-12,181
2016-08-13,161
2016-08-14,207
2016-08-15,203
2016-08-16,216
2016-08-17,185
2016-08-18,258
2016-08-19,260
2016-08-20,679
2016-08-21,1182
2016-08-22,484
2016-08-23,329
2016-08-24,382
2016-08-25,397
2016-08-26,263
2016-08-27,325
2016-08-28,434
2016-08-29,249
2016-08-30,263
2016-08-31,226
2016-09-01,235
2016-09-02,254
2016-09-03,277
2016-09-04,267
2016-09-05,223
2016-09-06,244
2016-09-07,202
2016-09-08,213
2016-09-09,233
2016-09-10,280
2016-09-11,535
2016-09-12,315
2016-09-13,247
2016-09-14,197
2016-09-15,223
2016-09-16,190
2016-09-17,228
2016-09-18,282
2016-09-19,223
2016-09-20,194
2016-09-21,192
2016-09-22,201
2016-09-23,187
2016-09-24,170
2016-09-25,307
2016-09-26,177
2016-09-27,259
2016-09-28,259
2016-09-29,205
2016-09-30,219
2016-10-01,190
2016-10-02,246
2016-10-03,198
2016-10-04,150
2016-10-05,171
2016-10-06,189
2016-10-07,154
2016-10-08,153
2016-10-09,300
2016-10-10,211
2016-10-11,179
2016-10-12,217
2016-10-13,201
2016-10-14,184
2016-10-15,147
2016-10-16,184
2016-10-17,176
2016-10-18,206
2016-10-19,159
2016-10-20,144
2016-10-21,170
2016-10-22,141
2016-10-23,161
2016-10-24,161
2016-10-25,147
2016-10-26,143
2016-10-27,157
2016-10-28,155
2016-10-29,112
2016-10-30,157
2016-10-31,150
2016-11-01,177
2016-11-02,169
2016-11-03,139
2016-11-04,156
2016-11-05,197
2016-11-06,285
2016-11-07,203
2016-11-08,169
2016-11-09,146
2016-11-10,208
2016-11-11,221
2016-11-12,306
2016-11-13,1173
2016-11-14,644
2016-11-15,406
2016-11-16,324
2016-11-17,285
2016-11-18,244
2016-11-19,289
2016-11-20,330
2016-11-21,466
2016-11-22,208
2016-11-23,155
2016-11-24,195
2016-11-25,164
2016-11-26,191
2016-11-27,265
2016-11-28,224
2016-11-29,178
2016-11-30,167
2016-12-01,193
2016-12-02,167
2016-12-03,227
2016-12-04,282
2016-12-05,216
2016-12-06,204
2016-12-07,174
2016-12-08,169
2016-12-09,177
2016-12-10,241
2016-12-11,334
2016-12-12,232
2016-12-13,173
2016-12-14,235
2016-12-15,208
2016-12-16,161
2016-12-17,164
2016-12-18,311
2016-12-19,199
2016-12-20,156
2016-12-21,182
2016-12-22,238
2016-12-23,373
2016-12-24,129
2016-12-25,183
2016-12-26,155
2016-12-27,369
2016-12-28,273
2016-12-29,252
2016-12-30,295
2016-12-31,751
2017-01-01,339
2017-01-02,344
2017-01-03,343
2017-01-04,311
2017-01-05,229
2017-01-06,221
2017-01-07,195
2017-01-08,159
2017-01-09,221
2017-01-10,437
2017-01-11,269
2017-01-12,176
2017-01-13,188
2017-01-14,204
2017-01-15,193
2017-01-16,299
2017-01-17,223
2017-01-18,218
2017-01-19,167
2017-01-20,137
2017-01-21,142
2017-01-22,215
2017-01-23,197
2017-01-24,156
2017-01-25,166
2017-01-26,167
2017-01-27,148
2017-01-28,180
2017-01-29,278
2017-01-30,233
2017-01-31,171
2017-02-01,170
2017-02-02,156
2017-02-03,178
2017-02-04,160
2017-02-05,280
2017-02-06,186
2017-02-07,160
2017-02-08,166
2017-02-09,156
2017-02-10,157
2017-02-11,179
2017-02-12,317
2017-02-13,209
2017-02-14,158
2017-02-15,169
2017-02-16,136
2017-02-17,171
2017-02-18,150
2017-02-19,218
2017-02-20,238
2017-02-21,180
2017-02-22,132
2017-02-23,226
2017-02-24,359
2017-02-25,168
2017-02-26,182
2017-02-27,143
2017-02-28,137
2017-03-01,201
2017-03-02,176
2017-03-03,190
2017-03-04,171
2017-03-05,309
2017-03-06,200
2017-03-07,180
2017-03-08,145
2017-03-09,135
2017-03-10,152
2017-03-11,183
2017-03-12,285
2017-03-13,194
2017-03-14,161
2017-03-15,156
2017-03-16,157
2017-03-17,125
2017-03-18,210
2017-03-19,232
2017-03-20,207
2017-03-21,171
2017-03-22,162
2017-03-23,147
2017-03-24,157
2017-03-25,150
2017-03-26,163
2017-03-27,158
2017-03-28,150
2017-03-29,123
2017-03-30,114
2017-03-31,124
2017-04-01,134
2017-04-02,152
2017-04-03,146
2017-04-04,123
2017-04-05,129
2017-04-06,118
2017-04-07,146
2017-04-08,164
2017-04-09,301
2017-04-10,210
2017-04-11,149
2017-04-12,147
2017-04-13,125
2017-04-14,144
2017-04-15,171
2017-04-16,247
2017-04-17,179
2017-04-18,132
2017-04-19,164
2017-04-20,140
2017-04-21,120
2017-04-22,155
2017-04-23,206
2017-04-24,153
2017-04-25,138
2017-04-26,126
2017-04-27,130
2017-04-28,123
2017-04-29,145
2017-04-30,152
2017-05-01,166
2017-05-02,142
2017-05-03,115
2017-05-04,145
2017-05-05,134
2017-05-06,131
2017-05-07,122
2017-05-08,157
2017-05-09,146
2017-05-10,160
2017-05-11,121
2017-05-12,146
2017-05-13,189
2017-05-14,302
2017-05-15,191
2017-05-16,154
2017-05-17,138
2017-05-18,143
2017-05-19,134
2017-05-20,122
2017-05-21,113
2017-05-22,127
2017-05-23,117
2017-05-24,127
2017-05-25,123
2017-05-26,121
2017-05-27,128
2017-05-28,247
2017-05-29,177
2017-05-30,160
2017-05-31,142
2017-06-01,141
2017-06-02,114
2017-06-03,123
2017-06-04,228
2017-06-05,173
2017-06-06,154
2017-06-07,95
2017-06-08,126
2017-06-09,120
2017-06-10,122
2017-06-11,232
2017-06-12,120
2017-06-13,108
2017-06-14,131
2017-06-15,210
2017-06-16,181
2017-06-17,210
2017-06-18,192
2017-06-19,165
2017-06-20,162
2017-06-21,151
2017-06-22,120
2017-06-23,151
2017-06-24,115
2017-06-25,208
2017-06-26,243
2017-06-27,160
2017-06-28,132
2017-06-29,149
2017-06-30,127
2017-07-01,129
2017-07-02,164
2017-07-03,141
2017-07-04,120
2017-07-05,145
2017-07-06,138
2017-07-07,166
2017-07-08,245
2017-07-09,260
2017-07-10,212
2017-07-11,169
2017-07-12,196
2017-07-13,238
2017-07-14,230
2017-07-15,233
2017-07-16,250
2017-07-17,227
2017-07-18,181
2017-07-19,151
2017-07-20,169
2017-07-21,155
2017-07-22,169
2017-07-23,251
2017-07-24,189
2017-07-25,152
2017-07-26,170
2017-07-27,147
2017-07-28,187
2017-07-29,203
2017-07-30,512
2017-07-31,291
2017-08-01,202
2017-08-02,157
2017-08-03,174
2017-08-04,140
2017-08-05,124
2017-08-06,222
2017-08-07,138
2017-08-08,140
2017-08-09,140
2017-08-10,138
2017-08-11,128
2017-08-12,122
2017-08-13,121
2017-08-14,119
2017-08-15,116
2017-08-16,109
2017-08-17,95
2017-08-18,124
2017-08-19,137
2017-08-20,157
2017-08-21,143
2017-08-22,121
2017-08-23,221
2017-08-24,171
2017-08-25,246
2017-08-26,339
2017-08-27,701
2017-08-28,375
2017-08-29,241
2017-08-30,215
2017-08-31,190
2017-09-01,165
2017-09-02,203
2017-09-03,198
2017-09-04,200
2017-09-05,223
2017-09-06,164
2017-09-07,161
2017-09-08,137
2017-09-09,135
2017-09-10,219
2017-09-11,165
2017-09-12,126
2017-09-13,156
2017-09-14,157
2017-09-15,132
2017-09-16,134
2017-09-17,200
2017-09-18,167
2017-09-19,138
2017-09-20,113
2017-09-21,126
2017-09-22,127
2017-09-23,175
2017-09-24,153
2017-09-25,134
2017-09-26,118
2017-09-27,103
2017-09-28,125
2017-09-29,132
2017-09-30,113
2017-10-01,108
2017-10-02,103
2017-10-03,101
2017-10-04,108
2017-10-05,120
2017-10-06,109
2017-10-07,122
2017-10-08,245
2017-10-09,173
2017-10-10,128
2017-10-11,120
2017-10-12,124
2017-10-13,105
2017-10-14,125
2017-10-15,117
2017-10-16,120
2017-10-17,98
2017-10-18,103
2017-10-19,107
2017-10-20,92
2017-10-21,153
2017-10-22,152
2017-10-23,130
2017-10-24,92
2017-10-25,125
2017-10-26,123
2017-10-27,120
2017-10-28,99
2017-10-29,202
2017-10-30,124
2017-10-31,125
2017-11-01,107
2017-11-02,124
2017-11-03,140
2017-11-04,165
2017-11-05,519
2017-11-06,281
2017-11-07,206
2017-11-08,167
2017-11-09,155
2017-11-10,131
2017-11-11,154
2017-11-12,186
2017-11-13,150
2017-11-14,129
2017-11-15,125
2017-11-16,138
2017-11-17,127
2017-11-18,130
2017-11-19,190
2017-11-20,115
2017-11-21,138
2017-11-22,135
2017-11-23,92
2017-11-24,106
2017-11-25,174
2017-11-26,163
2017-11-27,151
2017-11-28,128
2017-11-29,149
2017-11-30,147
2017-12-01,143
2017-12-02,188
2017-12-03,242
2017-12-04,193
2017-12-05,165
2017-12-06,144
2017-12-07,106
2017-12-08,152
2017-12-09,133
2017-12-10,173
2017-12-11,135
2017-12-12,132
2017-12-13,139
2017-12-14,146
2017-12-15,128
2017-12-16,130
2017-12-17,232
2017-12-18,143
2017-12-19,128
2017-12-20,98
2017-12-21,117
2017-12-22,111
2017-12-23,126
2017-12-24,97
2017-12-25,99
2017-12-26,122
2017-12-27,138
2017-12-28,126
2017-12-29,136
2017-12-30,155
2017-12-31,234
2018-01-01,146
2018-01-02,182
2018-01-03,152
2018-01-04,135
2018-01-05,117
2018-01-06,138
2018-01-07,102
2018-01-08,111
2018-01-09,134
2018-01-10,131
2018-01-11,141
2018-01-12,96
2018-01-13,140
2018-01-14,187
2018-01-15,243
2018-01-16,150
2018-01-17,150
2018-01-18,135
2018-01-19,137
2018-01-20,191
2018-01-21,333
2018-01-22,216
2018-01-23,168
2018-01-24,129
2018-01-25,109
2018-01-26,124
2018-01-27,168
2018-01-28,192
2018-01-29,168
2018-01-30,143
2018-01-31,127
2018-02-01,147
2018-02-02,140
2018-02-03,137
2018-02-04,226
2018-02-05,151
2018-02-06,137
2018-02-07,140
2018-02-08,126
2018-02-09,107
2018-02-10,126
2018-02-11,224
2018-02-12,136
2018-02-13,126
2018-02-14,96
2018-02-15,119
2018-02-16,146
2018-02-17,132
2018-02-18,173
2018-02-19,200
2018-02-20,124
2018-02-21,112
2018-02-22,129
2018-02-23,150
2018-02-24,126
2018-02-25,196
2018-02-26,149
2018-02-27,142
2018-02-28,126
2018-03-01,105
2018-03-02,113
2018-03-03,144
2018-03-04,255
2018-03-05,135
2018-03-06,118
2018-03-07,146
2018-03-08,104
2018-03-09,106
2018-03-10,134
2018-03-11,124
2018-03-12,100
2018-03-13,115
2018-03-14,107
2018-03-15,118
2018-03-16,97
2018-03-17,146
2018-03-18,160
2018-03-19,130
2018-03-20,132
2018-03-21,126
2018-03-22,106
2018-03-23,115
2018-03-24,101
2018-03-25,117
2018-03-26,118
2018-03-27,104
2018-03-28,112
2018-03-29,101
2018-03-30,117
2018-03-31,124
2018-04-01,116
2018-04-02,138
2018-04-03,158
2018-04-04,112
2018-04-05,188
2018-04-06,347
2018-04-07,240
2018-04-08,378
2018-04-09,268
2018-04-10,187
2018-04-11,168
2018-04-12,156
2018-04-13,139
2018-04-14,156
2018-04-15,192
2018-04-16,155
2018-04-17,133
2018-04-18,109
2018-04-19,121
2018-04-20,124
2018-04-21,123
2018-04-22,211
2018-04-23,137
2018-04-24,129
2018-04-25,131
2018-04-26,111
2018-04-27,114
2018-04-28,97
2018-04-29,160
2018-04-30,130
2018-05-01,113
2018-05-02,95
2018-05-03,105
2018-05-04,98
2018-05-05,102
2018-05-06,117
2018-05-07,101
2018-05-08,132
2018-05-09,114
2018-05-10,105
2018-05-11,116
2018-05-12,129
2018-05-13,215
2018-05-14,159
2018-05-15,123
2018-05-16,138
2018-05-17,145
2018-05-18,125
2018-05-19,119
2018-05-20,167
2018-05-21,115
2018-05-22,132
2018-05-23,133
2018-05-24,146
2018-05-25,98
2018-05-26,122
2018-05-27,225
2018-05-28,156
2018-05-29,143
2018-05-30,105
2018-05-31,104
2018-06-01,101
2018-06-02,162
2018-06-03,120
2018-06-04,121
2018-06-05,108
2018-06-06,98
2018-06-07,109
2018-06-08,110
2018-06-09,129
2018-06-10,280
2018-06-11,141
2018-06-12,122
2018-06-13,108
2018-06-14,105
2018-06-15,92
2018-06-16,88
2018-06-17,88
2018-06-18,127
2018-06-19,98
2018-06-20,104
2018-06-21,96
2018-06-22,85
2018-06-23,97
2018-06-24,120
2018-06-25,86
2018-06-26,92
2018-06-27,77
2018-06-28,102
2018-06-29,87
2018-06-30,105
2018-07-01,105
2018-07-02,116
2018-07-03,97
2018-07-04,93
2018-07-05,110
2018-07-06,119
2018-07-07,155
2018-07-08,323
2018-07-09,199
2018-07-10,172
2018-07-11,106
2018-07-12,128
2018-07-13,98
2018-07-14,106
2018-07-15,200
2018-07-16,121
2018-07-17,99
2018-07-18,109
2018-07-19,100
2018-07-20,95
2018-07-21,100
2018-07-22,151
2018-07-23,131
2018-07-24,106
2018-07-25,110
2018-07-26,102
2018-07-27,109
2018-07-28,101
2018-07-29,155
2018-07-30,117
2018-07-31,139
2018-08-01,114
2018-08-02,116
2018-08-03,121
2018-08-04,165
2018-08-05,291
2018-08-06,184
2018-08-07,146
2018-08-08,118
2018-08-09,115
2018-08-10,116
2018-08-11,94
2018-08-12,132
2018-08-13,113
2018-08-14,99
2018-08-15,92
2018-08-16,101
2018-08-17,96
2018-08-18,96
2018-08-19,95
2018-08-20,122
2018-08-21,110
2018-08-22,105
2018-08-23,104
2018-08-24,92
2018-08-25,107
2018-08-26,149
2018-08-27,125
2018-08-28,107
2018-08-29,81
2018-08-30,91
2018-08-31,97
2018-09-01,105
2018-09-02,93
2018-09-03,103
2018-09-04,104
2018-09-05,89
2018-09-06,105
2018-09-07,104
2018-09-08,122
2018-09-09,220
2018-09-10,131
2018-09-11,125
2018-09-12,108
2018-09-13,89
2018-09-14,116
2018-09-15,127
2018-09-16,145
2018-09-17,125
2018-09-18,96
2018-09-19,95
2018-09-20,111
2018-09-21,147
2018-09-22,140
2018-09-23,162
2018-09-24,149
2018-09-25,117
2018-09-26,125
2018-09-27,114
2018-09-28,91
2018-09-29,87
2018-09-30,123
2018-10-01,132
2018-10-02,124
2018-10-03,139
2018-10-04,145
2018-10-05,204
2018-10-06,277
2018-10-07,1069
2018-10-08,650
2018-10-09,448
2018-10-10,332
2018-10-11,319
2018-10-12,213
2018-10-13,280
2018-10-14,309
2018-10-15,264
2018-10-16,198
2018-10-17,161
2018-10-18,121
2018-10-19,143
2018-10-20,129
2018-10-21,108
2018-10-22,117
2018-10-23,117
2018-10-24,117
2018-10-25,125
2018-10-26,99
2018-10-27,114
2018-10-28,163
2018-10-29,138
2018-10-30,117
2018-10-31,78
2018-11-01,105
2018-11-02,113
2018-11-03,124
2018-11-04,235
2018-11-05,149
2018-11-06,124
2018-11-07,111
2018-11-08,126
2018-11-09,151
2018-11-10,135
2018-11-11,229
2018-11-12,146
2018-11-13,132
2018-11-14,120
2018-11-15,122
2018-11-16,108
2018-11-17,110
2018-11-18,158
2018-11-19,114
2018-11-20,114
2018-11-21,88
2018-11-22,90
2018-11-23,88
2018-11-24,137
2018-11-25,143
2018-11-26,129
2018-11-27,121
2018-11-28,107
2018-11-29,118
2018-11-30,117
2018-12-01,173
2018-12-02,201
2018-12-03,139
2018-12-04,131
2018-12-05,123
2018-12-06,138
2018-12-07,130
2018-12-08,140
2018-12-09,261
2018-12-10,143
2018-12-11,103
2018-12-12,124
2018-12-13,112
2018-12-14,137
2018-12-15,140
2018-12-16,219
2018-12-17,111
2018-12-18,131
2018-12-19,98
2018-12-20,104
2018-12-21,101
2018-12-22,96
2018-12-23,104
2018-12-24,99
2018-12-25,108
2018-12-26,99
2018-12-27,123
2018-12-28,137
2018-12-29,155
2018-12-30,370
2018-12-31,163
2019-01-01,117
2019-01-02,147
2019-01-03,107
2019-01-04,106
2019-01-05,113
2019-01-06,106
2019-01-07,144
2019-01-08,137
2019-01-09,130
2019-01-10,117
2019-01-11,100
2019-01-12,103
2019-01-13,95
2019-01-14,122
2019-01-15,108
2019-01-16,94
2019-01-17,116
2019-01-18,128
2019-01-19,169
2019-01-20,335
2019-01-21,140
2019-01-22,129
2019-01-23,109
2019-01-24,116
2019-01-25,102
2019-01-26,114
2019-01-27,142
2019-01-28,133
2019-01-29,123
2019-01-30,118
2019-01-31,110
2019-02-01,143
2019-02-02,111
2019-02-03,186
2019-02-04,102
2019-02-05,95
2019-02-06,124
2019-02-07,109
2019-02-08,116
2019-02-09,125
2019-02-10,238
2019-02-11,129
2019-02-12,96
2019-02-13,114
2019-02-14,115
2019-02-15,120
2019-02-16,113
2019-02-17,167
2019-02-18,251
2019-02-19,122
2019-02-20,116
2019-02-21,102
2019-02-22,131
2019-02-23,150
2019-02-24,160
2019-02-25,124
2019-02-26,92
2019-02-27,80
2019-02-28,109
2019-03-01,102
2019-03-02,138
2019-03-03,250
2019-03-04,143
2019-03-05,120
2019-03-06,98
2019-03-07,98
2019-03-08,87
2019-03-09,135
2019-03-10,154
2019-03-11,113
2019-03-12,117
2019-03-13,91
2019-03-14,98
2019-03-15,96
2019-03-16,122
2019-03-17,139
2019-03-18,125
2019-03-19,163
2019-03-20,128
2019-03-21,104
2019-03-22,108
2019-03-23,122
2019-03-24,173
2019-03-25,98
2019-03-26,146
2019-03-27,108
2019-03-28,94
2019-03-29,110
2019-03-30,109
2019-03-31,162
2019-04-01,124
2019-04-02,96
2019-04-03,100
2019-04-04,116
2019-04-05,123
2019-04-06,105
2019-04-07,133
2019-04-08,110
2019-04-09,94
2019-04-10,101
2019-04-11,86
2019-04-12,97
2019-04-13,122
2019-04-14,241
2019-04-15,128
2019-04-16,131
2019-04-17,111
2019-04-18,97
2019-04-19,94
2019-04-20,126
2019-04-21,128
2019-04-22,122
2019-04-23,88
2019-04-24,70
2019-04-25,76
2019-04-26,71
2019-04-27,101
2019-04-28,160
2019-04-29,94
2019-04-30,95
2019-05-01,120
2019-05-02,69
2019-05-03,90
2019-05-04,137
2019-05-05,167
2019-05-06,89
2019-05-07,117
2019-05-08,84
2019-05-09,82
2019-05-10,90
2019-05-11,98
2019-05-12,204
2019-05-13,118
2019-05-14,101
2019-05-15,86
2019-05-16,98
2019-05-17,89
2019-05-18,143
2019-05-19,145
2019-05-20,102
2019-05-21,89
2019-05-22,75
2019-05-23,86
2019-05-24,98
2019-05-25,122
2019-05-26,131
2019-05-27,109
2019-05-28,119
2019-05-29,106
2019-05-30,118
2019-05-31,107
2019-06-01,164
2019-06-02,137
2019-06-03,115
2019-06-04,101
2019-06-05,98
2019-06-06,108
2019-06-07,88
2019-06-08,109
2019-06-09,256
2019-06-10,138
2019-06-11,96
2019-06-12,107
2019-06-13,114
2019-06-14,105
2019-06-15,103
2019-06-16,119
2019-06-17,109
2019-06-18,101
2019-06-19,94
2019-06-20,109
2019-06-21,119
2019-06-22,128
2019-06-23,146
2019-06-24,101
2019-06-25,109
2019-06-26,93
2019-06-27,102
2019-06-28,102
2019-06-29,101
2019-06-30,167
2019-07-01,118
2019-07-02,94
2019-07-03,91
2019-07-04,90
2019-07-05,120
2019-07-06,143
2019-07-07,271
2019-07-08,161
2019-07-09,119
2019-07-10,123
2019-07-11,123
2019-07-12,116
2019-07-13,119
2019-07-14,145
2019-07-15,125
2019-07-16,105
2019-07-17,99
2019-07-18,110
2019-07-19,79
2019-07-20,98
2019-07-21,161
2019-07-22,111
2019-07-23,86
2019-07-24,83
2019-07-25,90
2019-07-26,84
2019-07-27,107
2019-07-28,193
2019-07-29,104
2019-07-30,94
2019-07-31,86
2019-08-01,77
2019-08-02,78
2019-08-03,172
2019-08-04,142
2019-08-05,115
2019-08-06,115
2019-08-07,93
2019-08-08,105
2019-08-09,106
2019-08-10,87
2019-08-11,158
2019-08-12,122
2019-08-13,98
2019-08-14,99
2019-08-15,78
2019-08-16,105
2019-08-17,115
2019-08-18,295
2019-08-19,160
2019-08-20,118
2019-08-21,94
2019-08-22,103
2019-08-23,88
2019-08-24,91
2019-08-25,100
2019-08-26,94
2019-08-27,111
2019-08-28,88
2019-08-29,92
2019-08-30,112
2019-08-31,186
2019-09-01,143
2019-09-02,104
2019-09-03,101
2019-09-04,107
2019-09-05,94
2019-09-06,103
2019-09-07,231
2019-09-08,221
2019-09-09,155
2019-09-10,129
2019-09-11,111
2019-09-12,94
2019-09-13,110
2019-09-14,113
2019-09-15,157
2019-09-16,110
2019-09-17,135
2019-09-18,104
2019-09-19,105
2019-09-20,98
2019-09-21,114
2019-09-22,161
2019-09-23,128
2019-09-24,97
2019-09-25,96
2019-09-26,95
2019-09-27,94
2019-09-28,142
2019-09-29,125
2019-09-30,83
2019-10-01,90
2019-10-02,73
2019-10-03,78
2019-10-04,70
2019-10-05,131
2019-10-06,211
2019-10-07,140
2019-10-08,121
2019-10-09,112
2019-10-10,92
2019-10-11,80
2019-10-12,90
2019-10-13,153
2019-10-14,101
2019-10-15,98
2019-10-16,110
2019-10-17,103
2019-10-18,92
2019-10-19,151
2019-10-20,105
2019-10-21,77
2019-10-22,82
2019-10-23,88
2019-10-24,86
2019-10-25,109
2019-10-26,117
2019-10-27,108
2019-10-28,112
2019-10-29,101
2019-10-30,99
2019-10-31,85
2019-11-01,96
2019-11-02,135
2019-11-03,339
2019-11-04,183
2019-11-05,132
2019-11-06,124
2019-11-07,110
2019-11-08,109
2019-11-09,159
2019-11-10,141
2019-11-11,126
2019-11-12,106
2019-11-13,130
2019-11-14,105
2019-11-15,81
2019-11-16,80
2019-11-17,135
2019-11-18,97
2019-11-19,101
2019-11-20,78
2019-11-21,80
2019-11-22,96
2019-11-23,95
2019-11-24,95
2019-11-25,104
2019-11-26,94
2019-11-27,87
2019-11-28,80
2019-11-29,105
2019-11-30,73
2019-12-01,109
2019-12-02,82
2019-12-03,112
2019-12-04,84
2019-12-05,95
2019-12-06,91
2019-12-07,117
2019-12-08,180
2019-12-09,116
2019-12-10,86
2019-12-11,71
2019-12-12,87
2019-12-13,86
2019-12-14,110
2019-12-15,247
2019-12-16,138
2019-12-17,119
2019-12-18,188
2019-12-19,283
2019-12-20,81
2019-12-21,147
2019-12-22,90
2019-12-23,81
2019-12-24,70
2019-12-25,59
2019-12-26,87
2019-12-27,95
2019-12-28,79
2019-12-29,102
2019-12-30,94
2019-12-31,66
2020-01-01,82
2020-01-02,96
2020-01-03,96
2020-01-04,78
2020-01-05,97
2020-01-06,98
2020-01-07,92
2020-01-08,85
2020-01-09,82
2020-01-10,71
2020-01-11,80
2020-01-12,114
2020-01-13,97
2020-01-14,108
2020-01-15,106
2020-01-16,131
2020-01-17,143
2020-01-18,176
2020-01-19,542
2020-01-20,211
2020-01-21,190
2020-01-22,142
2020-01-23,103
2020-01-24,104
2020-01-25,153
2020-01-26,182
2020-01-27,132
2020-01-28,131
2020-01-29,104
2020-01-30,96
2020-01-31,95
2020-02-01,94
2020-02-02,82
2020-02-03,110
2020-02-04,75
2020-02-05,87
2020-02-06,89
2020-02-07,89
2020-02-08,106
2020-02-09,232
2020-02-10,131
2020-02-11,93
2020-02-12,93
2020-02-13,72
2020-02-14,77
2020-02-15,94
2020-02-16,154
2020-02-17,112
2020-02-18,81
2020-02-19,77
2020-02-20,83
2020-02-21,95
2020-02-22,97
2020-02-23,191
2020-02-24,117
2020-02-25,94
2020-02-26,95
2020-02-27,69
2020-02-28,87
2020-02-29,106
2020-03-01,141
2020-03-02,78
2020-03-03,97
2020-03-04,80
2020-03-05,84
2020-03-06,96
2020-03-07,134
2020-03-08,314
2020-03-09,148
2020-03-10,119
2020-03-11,124
2020-03-12,92
2020-03-13,119
2020-03-14,147
2020-03-15,173
2020-03-16,96
2020-03-17,105
2020-03-18,85
2020-03-19,79
2020-03-20,80
2020-03-21,81
2020-03-22,96
2020-03-23,87
2020-03-24,72
2020-03-25,87
2020-03-26,67
2020-03-27,75
2020-03-28,76
2020-03-29,78
2020-03-30,90
2020-03-31,64
2020-04-01,88
2020-04-02,62
2020-04-03,98
2020-04-04,76
2020-04-05,82
2020-04-06,89
2020-04-07,120
2020-04-08,105
2020-04-09,122
2020-04-10,195
2020-04-11,132
2020-04-12,91
2020-04-13,93
2020-04-14,96
2020-04-15,93
2020-04-16,90
2020-04-17,88
2020-04-18,98
2020-04-19,75
2020-04-20,85
2020-04-21,83
2020-04-22,76
2020-04-23,79
2020-04-24,79
2020-04-25,77
2020-04-26,65
2020-04-27,102
2020-04-28,71
2020-04-29,77
2020-04-30,83
2020-05-01,87
2020-05-02,69
2020-05-03,76
2020-05-04,81
2020-05-05,86
2020-05-06,86
2020-05-07,82
2020-05-08,112
2020-05-09,156
2020-05-10,312
2020-05-11,176
2020-05-12,144
2020-05-13,138
2020-05-14,215
2020-05-15,140
2020-05-16,151
2020-05-17,261
2020-05-18,140
2020-05-19,121
2020-05-20,130
2020-05-21,122
2020-05-22,105
2020-05-23,91
2020-05-24,105
2020-05-25,112
2020-05-26,116
2020-05-27,111
2020-05-28,103
2020-05-29,96
2020-05-30,130
2020-05-31,212
2020-06-01,134
2020-06-02,105
2020-06-03,103
2020-06-04,104
2020-06-05,93
2020-06-06,104
2020-06-07,213
2020-06-08,126
2020-06-09,133
2020-06-10,125
2020-06-11,89
2020-06-12,93
2020-06-13,107
2020-06-14,182
2020-06-15,106
2020-06-16,88
2020-06-17,104
2020-06-18,93
2020-06-19,83
2020-06-20,115
2020-06-21,146
2020-06-22,116
2020-06-23,106
2020-06-24,90
2020-06-25,83
2020-06-26,83
2020-06-27,112
2020-06-28,169
2020-06-29,100
2020-06-30,85
2020-07-01,82
2020-07-02,91
2020-07-03,69
2020-07-04,79
2020-07-05,75
2020-07-06,86
2020-07-07,82
2020-07-08,93
2020-07-09,69
2020-07-10,92
2020-07-11,134
2020-07-12,273
2020-07-13,141
2020-07-14,105
2020-07-15,102
2020-07-16,108
2020-07-17,95
2020-07-18,128
2020-07-19,170
2020-07-20,123
2020-07-21,109
2020-07-22,103
2020-07-23,93
2020-07-24,84
2020-07-25,92
2020-07-26,179
2020-07-27,98
2020-07-28,97
2020-07-29,88
2020-07-30,84
2020-07-31,94
2020-08-01,82
2020-08-02,141
2020-08-03,84
2020-08-04,69
2020-08-05,65
2020-08-06,90
2020-08-07,61
2020-08-08,95
2020-08-09,163
2020-08-10,121
2020-08-11,85
2020-08-12,82
2020-08-13,79
2020-08-14,93
2020-08-15,112
2020-08-16,233
2020-08-17,110
2020-08-18,100
2020-08-19,94
2020-08-20,56
2020-08-21,82
2020-08-22,107
2020-08-23,147
2020-08-24,94
2020-08-25,99
2020-08-26,87
2020-08-27,75
2020-08-28,120
2020-08-29,99
2020-08-30,138
2020-08-31,89
2020-09-01,85
2020-09-02,59
2020-09-03,68
2020-09-04,74
2020-09-05,102
2020-09-06,128
2020-09-07,85
2020-09-08,90
2020-09-09,78
2020-09-10,71
2020-09-11,71
2020-09-12,101
2020-09-13,94
2020-09-14,84
2020-09-15,74
2020-09-16,73
2020-09-17,80
2020-09-18,81
2020-09-19,100
2020-09-20,208
2020-09-21,82
2020-09-22,82
2020-09-23,71
2020-09-24,79
2020-09-25,85
2020-09-26,82
2020-09-27,260
2020-09-28,104
2020-09-29,101
2020-09-30,90
2020-10-01,79
2020-10-02,76
2020-10-03,88
2020-10-04,126
2020-10-05,80
2020-10-06,73
2020-10-07,88
2020-10-08,60
2020-10-09,83
2020-10-10,97
2020-10-11,163
2020-10-12,101
2020-10-13,95
2020-10-14,73
2020-10-15,85
2020-10-16,68
2020-10-17,94
2020-10-18,133
2020-10-19,95
2020-10-20,89
2020-10-21,86
2020-10-22,100
2020-10-23,109
2020-10-24,252
2020-10-25,229
2020-10-26,167
2020-10-27,135
2020-10-28,129
2020-10-29,102
2020-10-30,115
2020-10-31,104
2020-11-01,168
2020-11-02,101
2020-11-03,81
2020-11-04,69
2020-11-05,89
2020-11-06,82
2020-11-07,66
2020-11-08,122
2020-11-09,89
2020-11-10,87
2020-11-11,70
2020-11-12,77
2020-11-13,78
2020-11-14,78
2020-11-15,110
2020-11-16,74
2020-11-17,75
2020-11-18,77
2020-11-19,88
2020-11-20,73
2020-11-21,74
2020-11-22,149
2020-11-23,106
2020-11-24,67
2020-11-25,82
2020-11-26,58
2020-11-27,55
2020-11-28,67
2020-11-29,154
2020-11-30,70
2020-12-01,71
2020-12-02,71
2020-12-03,63
2020-12-04,73
2020-12-05,75
2020-12-06,109
2020-12-07,88
2020-12-08,68
2020-12-09,70
2020-12-10,75
2020-12-11,80
2020-12-12,93
2020-12-13,169
2020-12-14,79
2020-12-15,65
2020-12-16,79
2020-12-17,60
2020-12-18,81
2020-12-19,96
2020-12-20,128
2020-12-21,66
2020-12-22,65
2020-12-23,65
2020-12-24,59
2020-12-25,49
2020-12-26,51
2020-12-27,58
2020-12-28,73
2020-12-29,59
2020-12-30,64
2020-12-31,45
2021-01-01,60
2021-01-02,66
2021-01-03,86
2021-01-04,64
2021-01-05,78
2021-01-06,66
2021-01-07,73
2021-01-08,63
2021-01-09,73
2021-01-10,56
2021-01-11,73
2021-01-12,61
2021-01-13,74
2021-01-14,77
2021-01-15,85
2021-01-16,141
2021-01-17,116
2021-01-18,118
2021-01-19,92
2021-01-20,141
2021-01-21,95
2021-01-22,99
2021-01-23,137
2021-01-24,422
2021-01-25,165
2021-01-26,113
2021-01-27,97
2021-01-28,85
2021-01-29,86
2021-01-30,88
2021-01-31,79
2021-02-01,75
2021-02-02,73
2021-02-03,78
2021-02-04,79
2021-02-05,78
2021-02-06,90
2021-02-07,154
2021-02-08,83
2021-02-09,91
2021-02-10,79
2021-02-11,72
2021-02-12,72
2021-02-13,86
2021-02-14,164
2021-02-15,90
2021-02-16,97
2021-02-17,97
2021-02-18,77
2021-02-19,52
2021-02-20,92
2021-02-21,127
2021-02-22,93
2021-02-23,72
2021-02-24,81
2021-02-25,92
2021-02-26,78
2021-02-27,100
2021-02-28,145
2021-03-01,99
2021-03-02,103
2021-03-03,72
2021-03-04,91
2021-03-05,93
2021-03-06,143
2021-03-07,297
2021-03-08,102
2021-03-09,90
2021-03-10,90
2021-03-11,91
2021-03-12,74
2021-03-13,88
2021-03-14,126
2021-03-15,103
2021-03-16,95
2021-03-17,86
2021-03-18,57
2021-03-19,81
2021-03-20,93
2021-03-21,142
2021-03-22,160
2021-03-23,94
2021-03-24,79
2021-03-25,84
2021-03-26,79
2021-03-27,80
2021-03-28,269
2021-03-29,122
2021-03-30,109
2021-03-31,91
2021-04-01,87
2021-04-02,78
2021-04-03,81
2021-04-04,75
2021-04-05,79
2021-04-06,80
2021-04-07,72
2021-04-08,94
2021-04-09,75
2021-04-10,118
2021-04-11,90
2021-04-12,90
2021-04-13,64
2021-04-14,69
2021-04-15,67
2021-04-16,102
2021-04-17,110
2021-04-18,167
2021-04-19,115
2021-04-20,108
2021-04-21,84
2021-04-22,95
2021-04-23,95
2021-04-24,115
2021-04-25,358
2021-04-26,160
2021-04-27,148
2021-04-28,172
2021-04-29,186
2021-04-30,145
2021-05-01,126
2021-05-02,190
2021-05-03,125
2021-05-04,99
2021-05-05,124
2021-05-06,96
2021-05-07,81
2021-05-08,114
2021-05-09,149
2021-05-10,105
2021-05-11,95
2021-05-12,90
2021-05-13,97
2021-05-14,94
2021-05-15,92
2021-05-16,209
2021-05-17,110
2021-05-18,84
2021-05-19,86
2021-05-20,78
2021-05-21,80
2021-05-22,95
2021-05-23,127
2021-05-24,110
2021-05-25,91
2021-05-26,74
2021-05-27,86
2021-05-28,71
2021-05-29,84
2021-05-30,83
2021-05-31,71
2021-06-01,61
2021-06-02,78
2021-06-03,77
2021-06-04,77
2021-06-05,83
2021-06-06,114
2021-06-07,112
2021-06-08,68
2021-06-09,56
2021-06-10,68
2021-06-11,65
2021-06-12,81
2021-06-13,211
2021-06-14,84
2021-06-15,69
2021-06-16,76
2021-06-17,69
2021-06-18,72
2021-06-19,83
2021-06-20,106
2021-06-21,78
2021-06-22,60
2021-06-23,70
2021-06-24,67
2021-06-25,73
2021-06-26,85
2021-06-27,98
2021-06-28,73
2021-06-29,73
2021-06-30,74
2021-07-01,48
2021-07-02,62
2021-07-03,78
2021-07-04,83
2021-07-05,67
2021-07-06,61
2021-07-07,85
2021-07-08,66
2021-07-09,98
2021-07-10,105
2021-07-11,337
2021-07-12,164
2021-07-13,115
2021-07-14,100
2021-07-15,88
2021-07-16,91
2021-07-17,96
2021-07-18,135
2021-07-19,89
2021-07-20,70
2021-07-21,75
2021-07-22,60
2021-07-23,70
2021-07-24,120
2021-07-25,111
2021-07-26,89
2021-07-27,71
2021-07-28,63
2021-07-29,60
2021-07-30,61
2021-07-31,80
2021-08-01,124
2021-08-02,71
2021-08-03,69
2021-08-04,75
2021-08-05,56
2021-08-06,72
2021-08-07,77
2021-08-08,153
2021-08-09,86
2021-08-10,80
2021-08-11,81
2021-08-12,63
2021-08-13,56
2021-08-14,70
2021-08-15,72
2021-08-16,71
2021-08-17,65
2021-08-18,74
2021-08-19,62
2021-08-20,57
2021-08-21,93
2021-08-22,127
2021-08-23,75
2021-08-24,98
2021-08-25,82
2021-08-26,49
2021-08-27,69
2021-08-28,75
2021-08-29,118
2021-08-30,89
2021-08-31,64
2021-09-01,73
2021-09-02,81
2021-09-03,68
2021-09-04,98
2021-09-05,85
2021-09-06,66
2021-09-07,70
2021-09-08,87
2021-09-09,68
2021-09-10,56
2021-09-11,64
2021-09-12,61
2021-09-13,51
2021-09-14,58
2021-09-15,66
2021-09-16,66
2021-09-17,65
2021-09-18,76
2021-09-19,92
2021-09-20,70
2021-09-21,64
2021-09-22,63
2021-09-23,70
2021-09-24,68
2021-09-25,85
2021-09-26,154
2021-09-27,92
2021-09-28,72
2021-09-29,71
2021-09-30,91
2021-10-01,68
2021-10-02,83
2021-10-03,83
2021-10-04,77
2021-10-05,56
2021-10-06,63
2021-10-07,73
2021-10-08,68
2021-10-09,94
2021-10-10,95
2021-10-11,93
2021-10-12,57
2021-10-13,65
2021-10-14,64
2021-10-15,80
2021-10-16,72
2021-10-17,110
2021-10-18,59
2021-10-19,44
2021-10-20,73
2021-10-21,63
2021-10-22,55
2021-10-23,107
2021-10-24,90
2021-10-25,88
2021-10-26,76
2021-10-27,66
2021-10-28,77
2021-10-29,87
2021-10-30,130
2021-10-31,136
2021-11-01,95
2021-11-02,61
2021-11-03,80
2021-11-04,57
2021-11-05,73
2021-11-06,104
2021-11-07,195
2021-11-08,112
2021-11-09,68
2021-11-10,56
2021-11-11,71
2021-11-12,68
2021-11-13,98
2021-11-14,76
2021-11-15,58
2021-11-16,62
2021-11-17,54
2021-11-18,63
2021-11-19,56
2021-11-20,62
2021-11-21,79
2021-11-22,79
2021-11-23,61
2021-11-24,60
2021-11-25,49
2021-11-26,62
2021-11-27,56
2021-11-28,63
2021-11-29,62
2021-11-30,60
2021-12-01,47
2021-12-02,58
2021-12-03,49
2021-12-04,49
2021-12-05,113
2021-12-06,63
2021-12-07,71
2021-12-08,71
2021-12-09,72
2021-12-10,73
2021-12-11,71
2021-12-12,197
2021-12-13,107
2021-12-14,75
2021-12-15,81
2021-12-16,79
2021-12-17,65
2021-12-18,78
2021-12-19,119
2021-12-20,66
2021-12-21,48
2021-12-22,62
2021-12-23,49
2021-12-24,40
2021-12-25,34
2021-12-26,55
2021-12-27,49
2021-12-28,58
2021-12-29,53
2021-12-30,41
2021-12-31,45
2022-01-01,52
2022-01-02,71
2022-01-03,66
2022-01-04,61
2022-01-05,78
2022-01-06,78
2022-01-07,57
2022-01-08,56
2022-01-09,59
2022-01-10,54
2022-01-11,63
2022-01-12,56
2022-01-13,56
2022-01-14,62
2022-01-15,80
2022-01-16,91
2022-01-17,86
2022-01-18,71
2022-01-19,74
2022-01-20,69
2022-01-21,63
2022-01-22,95
2022-01-23,179
2022-01-24,91
2022-01-25,81
2022-01-26,90
2022-01-27,112
2022-01-28,75
2022-01-29,71
2022-01-30,83
2022-01-31,90
2022-02-01,61
2022-02-02,62
2022-02-03,87
2022-02-04,93
2022-02-05,91
2022-02-06,102
2022-02-07,76
2022-02-08,66
2022-02-09,92
2022-02-10,104
2022-02-11,88
2022-02-12,77
2022-02-13,173
2022-02-14,68
2022-02-15,83
2022-02-16,75
2022-02-17,53
2022-02-18,59
2022-02-19,73
2022-02-20,109
2022-02-21,73
2022-02-22,72
2022-02-23,66
2022-02-24,56
2022-02-25,69
2022-02-26,66
2022-02-27,92
2022-02-28,77
2022-03-01,54
2022-03-02,65
2022-03-03,66
2022-03-04,85
2022-03-05,83
2022-03-06,135
2022-03-07,84
2022-03-08,54
2022-03-09,58
2022-03-10,82
2022-03-11,62
2022-03-12,73
2022-03-13,90
2022-03-14,63
2022-03-15,65
2022-03-16,77
2022-03-17,60
2022-03-18,50
2022-03-19,125
2022-03-20,111
2022-03-21,90
2022-03-22,77
2022-03-23,72
2022-03-24,68
2022-03-25,58
2022-03-26,102
2022-03-27,112
2022-03-28,69
2022-03-29,70
2022-03-30,70
2022-03-31,82
2022-04-01,62
2022-04-02,64
2022-04-03,69
2022-04-04,75
2022-04-05,61
2022-04-06,58
2022-04-07,60
2022-04-08,73
2022-04-09,70
2022-04-10,190
2022-04-11,102
2022-04-12,72
2022-04-13,61
2022-04-14,52
2022-04-15,68
2022-04-16,65
2022-04-17,88
2022-04-18,66
2022-04-19,63
2022-04-20,64
2022-04-21,62
2022-04-22,54
2022-04-23,86
2022-04-24,91
2022-04-25,66
2022-04-26,74
2022-04-27,62
2022-04-28,70
2022-04-29,65
2022-04-30,72
2022-05-01,59
2022-05-02,52
2022-05-03,79
2022-05-04,66
2022-05-05,75
2022-05-06,90
2022-05-07,74
2022-05-08,206
2022-05-09,86
2022-05-10,85
2022-05-11,55
2022-05-12,62
2022-05-13,65
2022-05-14,54
2022-05-15,124
2022-05-16,78
2022-05-17,72
2022-05-18,59
2022-05-19,47
2022-05-20,55
2022-05-21,69
2022-05-22,83
2022-05-23,67
2022-05-24,65
2022-05-25,57
2022-05-26,62
2022-05-27,55
2022-05-28,54
2022-05-29,66
2022-05-30,65
2022-05-31,56
2022-06-01,64
2022-06-02,91
2022-06-03,99
2022-06-04,106
2022-06-05,102
2022-06-06,61
2022-06-07,78
2022-06-08,83
2022-06-09,73
2022-06-10,65
2022-06-11,60
2022-06-12,153
2022-06-13,75
2022-06-14,70
2022-06-15,79
2022-06-16,66
2022-06-17,65
2022-06-18,76
2022-06-19,111
2022-06-20,68
2022-06-21,69
2022-06-22,68
2022-06-23,54
2022-06-24,45
2022-06-25,56
2022-06-26,98
2022-06-27,61
2022-06-28,50
2022-06-29,60
2022-06-30,52
2022-07-01,71
2022-07-02,99
2022-07-03,176
2022-07-04,70
2022-07-05,80
2022-07-06,64
2022-07-07,54
2022-07-08,69
2022-07-09,84
2022-07-10,99
2022-07-11,70
2022-07-12,63
2022-07-13,57
2022-07-14,44
2022-07-15,66
2022-07-16,87
2022-07-17,77
2022-07-18,56
2022-07-19,68
2022-07-20,66
2022-07-21,62
2022-07-22,68
2022-07-23,125
2022-07-24,92
2022-07-25,78
2022-07-26,57
2022-07-27,71
2022-07-28,67
2022-07-29,68
2022-07-30,79
2022-07-31,148
2022-08-01,66
2022-08-02,69
2022-08-03,69
2022-08-04,51
2022-08-05,65
2022-08-06,58
2022-08-07,89
2022-08-08,77
2022-08-09,62
2022-08-10,59
2022-08-11,49
2022-08-12,63
2022-08-13,82
2022-08-14,102
2022-08-15,61
2022-08-16,62
2022-08-17,71
2022-08-18,64
2022-08-19,99
2022-08-20,77
2022-08-21,193
2022-08-22,104
2022-08-23,78
2022-08-24,77
2022-08-25,69
2022-08-26,67
2022-08-27,58
2022-08-28,79
2022-08-29,79
2022-08-30,70
2022-08-31,64
2022-09-01,59
2022-09-02,73
2022-09-03,93
2022-09-04,87
2022-09-05,70
2022-09-06,70
2022-09-07,75
2022-09-08,52
2022-09-09,93
2022-09-10,79
2022-09-11,180
2022-09-12,88
2022-09-13,75
2022-09-14,68
2022-09-15,50
2022-09-16,57
2022-09-17,71
2022-09-18,86
2022-09-19,61
2022-09-20,64
2022-09-21,77
2022-09-22,67
2022-09-23,62
2022-09-24,81
2022-09-25,78
2022-09-26,73
2022-09-27,71
2022-09-28,73
2022-09-29,63
2022-09-30,61
2022-10-01,77
2022-10-02,88
2022-10-03,63
2022-10-04,63
2022-10-05,58
2022-10-06,50
2022-10-07,61
2022-10-08,75
2022-10-09,66
2022-10-10,65
2022-10-11,53
2022-10-12,61
2022-10-13,65
2022-10-14,57
2022-10-15,75
2022-10-16,96
2022-10-17,59
2022-10-18,60
2022-10-19,65
2022-10-20,56
2022-10-21,93
2022-10-22,123
2022-10-23,133
2022-10-24,102
2022-10-25,103
2022-10-26,91
2022-10-27,77
2022-10-28,72
2022-10-29,70
2022-10-30,86
2022-10-31,76
2022-11-01,48
2022-11-02,78
2022-11-03,76
2022-11-04,76
2022-11-05,70
2022-11-06,70
2022-11-07,57
2022-11-08,60
2022-11-09,74
2022-11-10,59
2022-11-11,67
2022-11-12,84
2022-11-13,215
2022-11-14,110
2022-11-15,82
2022-11-16,77
2022-11-17,69
2022-11-18,75
2022-11-19,107
2022-11-20,81
2022-11-21,66
2022-11-22,44
2022-11-23,68
2022-11-24,43
2022-11-25,63
2022-11-26,52
2022-11-27,64
2022-11-28,86
2022-11-29,74
2022-11-30,52
2022-12-01,52
2022-12-02,55
2022-12-03,56
2022-12-04,139
2022-12-05,60
2022-12-06,65
2022-12-07,60
2022-12-08,66
2022-12-09,51
2022-12-10,80
2022-12-11,144
2022-12-12,89
2022-12-13,61
2022-12-14,61
2022-12-15,50
2022-12-16,59
2022-12-17,66
2022-12-18,84
2022-12-19,56
2022-12-20,61
2022-12-21,67
2022-12-22,60
2022-12-23,50
2022-12-24,48
2022-12-25,69
2022-12-26,53
2022-12-27,52
2022-12-28,57
2022-12-29,64
2022-12-30,50
2022-12-31,38
2023-01-01,55
2023-01-02,63
2023-01-03,108
2023-01-04,87
2023-01-05,73
2023-01-06,93
2023-01-07,77
2023-01-08,65
2023-01-09,75
2023-01-10,80
2023-01-11,111
2023-01-12,94
2023-01-13,81
2023-01-14,89
2023-01-15,140
2023-01-16,91
2023-01-17,79
2023-01-18,70
2023-01-19,66
2023-01-20,51
2023-01-21,58
2023-01-22,121
2023-01-23,68
2023-01-24,62
2023-01-25,34
2023-01-26,35
2023-01-27,38
2023-01-28,32
2023-01-29,44
2023-01-30,39
2023-01-31,34
2023-02-01,33
2023-02-02,40
2023-02-03,45
2023-02-04,36
2023-02-05,104
2023-02-06,54
2023-02-07,52
2023-02-08,48
2023-02-09,39
2023-02-10,54
2023-02-11,79
2023-02-12,134
2023-02-13,61
2023-02-14,52
2023-02-15,34
2023-02-16,47
2023-02-17,42
2023-02-18,39
2023-02-19,67
2023-02-20,40
2023-02-21,33
2023-02-22,36
2023-02-23,43
2023-02-24,37
2023-02-25,43
2023-02-26,61
2023-02-27,54
2023-02-28,43
2023-03-01,47
2023-03-02,55
2023-03-03,46
2023-03-04,67
2023-03-05,175
2023-03-06,78
2023-03-07,63
2023-03-08,58
2023-03-09,43
2023-03-10,51
2023-03-11,44
2023-03-12,81
2023-03-13,57
2023-03-14,51
2023-03-15,52
2023-03-16,39
2023-03-17,40
2023-03-18,86
2023-03-19,92
2023-03-20,68
2023-03-21,48
2023-03-22,44
2023-03-23,42
2023-03-24,38
2023-03-25,55
2023-03-26,53
2023-03-27,50
2023-03-28,44
2023-03-29,36
2023-03-30,50
2023-03-31,38
2023-04-01,47
2023-04-02,118
2023-04-03,501
2023-04-04,165
2023-04-05,81
2023-04-06,67
2023-04-07,54
2023-04-08,77
2023-04-09,151
2023-04-10,100
2023-04-11,64
2023-04-12,66
2023-04-13,55
2023-04-14,54
2023-04-15,63
2023-04-16,86
2023-04-17,58
2023-04-18,44
2023-04-19,48
2023-04-20,37
2023-04-21,43
2023-04-22,54
2023-04-23,70
2023-04-24,54
2023-04-25,41
2023-04-26,30
2023-04-27,40
2023-04-28,37
2023-04-29,45
2023-04-30,52
2023-05-01,44
2023-05-02,44
2023-05-03,41
2023-05-04,44
2023-05-05,35
2023-05-06,58
2023-05-07,91
2023-05-08,56
2023-05-09,42
2023-05-10,45
2023-05-11,42
2023-05-12,29
2023-05-13,56
2023-05-14,72
2023-05-15,47
2023-05-16,46
2023-05-17,53
2023-05-18,66
2023-05-19,54
2023-05-20,48
2023-05-21,66
2023-05-22,53
2023-05-23,35
2023-05-24,43
2023-05-25,29
2023-05-26,47
2023-05-27,35
2023-05-28,46
2023-05-29,35
2023-05-30,41
2023-05-31,27
2023-06-01,37
2023-06-02,30
2023-06-03,34
2023-06-04,69
2023-06-05,35
2023-06-06,28
2023-06-07,31
2023-06-08,49
2023-06-09,39
2023-06-10,45
2023-06-11,88
2023-06-12,43
2023-06-13,55
2023-06-14,49
2023-06-15,41
2023-06-16,38
2023-06-17,52
2023-06-18,69
2023-06-19,37
2023-06-20,35
2023-06-21,40
2023-06-22,28
2023-06-23,38
2023-06-24,47
2023-06-25,48
2023-06-26,53
2023-06-27,41
2023-06-28,44
2023-06-29,32
2023-06-30,33
2023-07-01,48
2023-07-02,52
2023-07-03,43
2023-07-04,42
2023-07-05,46
2023-07-06,28
2023-07-07,35
2023-07-08,47
2023-07-09,107
2023-07-10,75
2023-07-11,52
2023-07-12,51
2023-07-13,44
2023-07-14,48
2023-07-15,39
2023-07-16,65
2023-07-17,49
2023-07-18,41
2023-07-19,30
2023-07-20,27
2023-07-21,39
2023-07-22,72
2023-07-23,52
2023-07-24,53
2023-07-25,41
2023-07-26,40
2023-07-27,34
2023-07-28,50
2023-07-29,60
2023-07-30,101
2023-07-31,61
2023-08-01,41
2023-08-02,33
2023-08-03,34
2023-08-04,33
2023-08-05,51
2023-08-06,75
2023-08-07,38
2023-08-08,34
2023-08-09,46
2023-08-10,49
2023-08-11,51
2023-08-12,38
2023-08-13,51
2023-08-14,42
2023-08-15,40
2023-08-16,34
2023-08-17,34
2023-08-18,53
2023-08-19,46
2023-08-20,115
2023-08-21,64
2023-08-22,46
2023-08-23,54
2023-08-24,47
2023-08-25,34
2023-08-26,55
2023-08-27,48
2023-08-28,63
2023-08-29,39
2023-08-30,42
2023-08-31,42
2023-09-01,44
2023-09-02,56
2023-09-03,58
2023-09-04,38
2023-09-05,53
2023-09-06,26
2023-09-07,48
2023-09-08,30
2023-09-09,43
2023-09-10,116
2023-09-11,54
2023-09-12,71
2023-09-13,74
2023-09-14,64
2023-09-15,65
2023-09-16,57
2023-09-17,89
2023-09-18,36
2023-09-19,49
2023-09-20,51
2023-09-21,47
2023-09-22,39
2023-09-23,40
2023-09-24,63
2023-09-25,54
2023-09-26,38
2023-09-27,42
2023-09-28,36
2023-09-29,37
2023-09-30,48
2023-10-01,50
2023-10-02,34
2023-10-03,34
2023-10-04,46
2023-10-05,44
2023-10-06,40
2023-10-07,35
2023-10-08,45
2023-10-09,42
2023-10-10,42
2023-10-11,41
2023-10-12,41
2023-10-13,45
2023-10-14,48
2023-10-15,47
2023-10-16,40
2023-10-17,39
2023-10-18,38
2023-10-19,35
2023-10-20,46
2023-10-21,106
2023-10-22,77
2023-10-23,58
2023-10-24,55
2023-10-25,60
2023-10-26,53
2023-10-27,44
2023-10-28,56
2023-10-29,49
2023-10-30,41
2023-10-31,45
2023-11-01,46
2023-11-02,38
2023-11-03,36
2023-11-04,43
2023-11-05,69
2023-11-06,47
2023-11-07,45
2023-11-08,35
2023-11-09,44
2023-11-10,35
2023-11-11,38
2023-11-12,123
2023-11-13,69
2023-11-14,38
2023-11-15,41
2023-11-16,54
2023-11-17,36
2023-11-18,56
2023-11-19,54
2023-11-20,47
2023-11-21,42
2023-11-22,36
2023-11-23,36
2023-11-24,31
2023-11-25,29
2023-11-26,48
2023-11-27,41
2023-11-28,29
2023-11-29,35
2023-11-30,40
2023-12-01,16
2023-12-02,39
2023-12-03,59
2023-12-04,47
2023-12-05,37
2023-12-06,35
2023-12-07,29
2023-12-08,39
2023-12-09,35
2023-12-10,65
2023-12-11,36
2023-12-12,25
2023-12-13,38
2023-12-14,32
2023-12-15,32
2023-12-16,48
2023-12-17,111
2023-12-18,39
2023-12-19,41
2023-12-20,25
2023-12-21,22
2023-12-22,31
2023-12-23,31
2023-12-24,35
2023-12-25,21
2023-12-26,28
2023-12-27,37
2023-12-28,30
2023-12-29,33
2023-12-30,23
2023-12-31,44
2024-01-01,35
2024-01-02,32
2024-01-03,40
2024-01-04,22
2024-01-05,25
2024-01-06,30
2024-01-07,37
2024-01-08,30
2024-01-09,27
2024-01-10,34
2024-01-11,45
2024-01-12,49
2024-01-13,39
2024-01-14,52
2024-01-15,24
2024-01-16,37
2024-01-17,33
2024-01-18,44
2024-01-19,45
2024-01-20,59
2024-01-21,134
2024-01-22,68
2024-01-23,57
2024-01-24,41
2024-01-25,45
2024-01-26,28
2024-01-27,30
2024-01-28,46
2024-01-29,38
2024-01-30,42
2024-01-31,45
2024-02-01,34
2024-02-02,72
2024-02-03,52
2024-02-04,62
2024-02-05,42
2024-02-06,34
2024-02-07,25
2024-02-08,27
2024-02-09,34
2024-02-10,40
2024-02-11,59
2024-02-12,44
2024-02-13,34
2024-02-14,146
2024-02-15,38
2024-02-16,45
2024-02-17,40
2024-02-18,115
2024-02-19,60
2024-02-20,51
2024-02-21,39
2024-02-22,48
2024-02-23,39
2024-02-24,46
2024-02-25,67
2024-02-26,46
2024-02-27,39
2024-02-28,39
2024-02-29,35
2024-03-01,32
2024-03-02,53
2024-03-03,49
2024-03-04,45
2024-03-05,28
2024-03-06,34
2024-03-07,42
2024-03-08,40
2024-03-09,40
2024-03-10,112
2024-03-11,36
2024-03-12,52
2024-03-13,58
2024-03-14,40
2024-03-15,34
2024-03-16,36
2024-03-17,36
2024-03-18,49
2024-03-19,35
2024-03-20,34
2024-03-21,46
2024-03-22,38
2024-03-23,42
2024-03-24,63
2024-03-25,58
2024-03-26,45
2024-03-27,39
2024-03-28,52
2024-03-29,37
2024-03-30,44
2024-03-31,62
2024-04-01,45
2024-04-02,38
2024-04-03,21
2024-04-04,36
2024-04-05,37
2024-04-06,32
2024-04-07,44
2024-04-08,35
2024-04-09,25
2024-04-10,34
2024-04-11,32
2024-04-12,50
2024-04-13,58
2024-04-14,136
2024-04-15,84
2024-04-16,52
2024-04-17,38
2024-04-18,51
2024-04-19,34
2024-04-20,39
2024-04-21,24
2024-04-22,49
2024-04-23,39
2024-04-24,42
2024-04-25,39
2024-04-26,32
2024-04-27,45
2024-04-28,46
2024-04-29,38
2024-04-30,30
2024-05-01,40
2024-05-02,29
2024-05-03,32
2024-05-04,27
2024-05-05,58
2024-05-06,35
2024-05-07,31
2024-05-08,41
2024-05-09,34
2024-05-10,29
2024-05-11,25
2024-05-12,43
2024-05-13,39
2024-05-14,30
2024-05-15,42
2024-05-16,31
2024-05-17,22
2024-05-18,28
2024-05-19,49
2024-05-20,30
2024-05-21,40
2024-05-22,26
2024-05-23,37
2024-05-24,27
2024-05-25,34
2024-05-26,44
2024-05-27,23
2024-05-28,31
2024-05-29,24
2024-05-30,25
2024-05-31,35
2024-06-01,33
2024-06-02,100
2024-06-03,58
2024-06-04,42
2024-06-05,37
2024-06-06,41
2024-06-07,41
2024-06-08,44
2024-06-09,50
2024-06-10,41
2024-06-11,25
2024-06-12,37
2024-06-13,36
2024-06-14,39
2024-06-15,58
2024-06-16,40
2024-06-17,28
2024-06-18,28
2024-06-19,45
2024-06-20,36
2024-06-21,39
2024-06-22,56
2024-06-23,67
2024-06-24,43
2024-06-25,27
2024-06-26,38
2024-06-27,31
2024-06-28,35
2024-06-29,39
2024-06-30,94
